<?xml version="1.0" encoding="utf-8" ?>
<dwsync>
<file name="size_edit.php" server="econ1.gcsu.edu//var/www/html/4214/harrell/" local="131323580580000000" remote="131323580580000000" Dst="0" />
<file name="machine_config_edit.php" server="econ1.gcsu.edu//var/www/html/4214/harrell/" local="131323519280000000" remote="131323519280000000" Dst="0" />
<file name="machine_config_add.php" server="econ1.gcsu.edu//var/www/html/4214/harrell/" local="131323477880000000" remote="131323477880000000" Dst="0" />
<file name="style_view.php" server="econ1.gcsu.edu//var/www/html/4214/harrell/" local="131323575920000000" remote="131323575920000000" Dst="0" />
<file name="style.css" server="econ1.gcsu.edu//var/www/html/4214/harrell/" local="131323469020000000" remote="131323469020000000" Dst="0" />
<file name="welcome.php" server="econ1.gcsu.edu//var/www/html/4214/harrell/" local="131323577320000000" remote="131323577320000000" Dst="0" />
<file name="size_view.php" server="econ1.gcsu.edu//var/www/html/4214/harrell/" local="131323577730000000" remote="131323577730000000" Dst="0" />
<file name="fabric_edit.php" server="econ1.gcsu.edu//var/www/html/4214/harrell/" local="131323519270000000" remote="131323519270000000" Dst="0" />
<file name="size_add.php" server="econ1.gcsu.edu//var/www/html/4214/harrell/" local="131323477890000000" remote="131323477890000000" Dst="0" />
<file name="machine_config_view.php" server="econ1.gcsu.edu//var/www/html/4214/harrell/" local="131323576810000000" remote="131323576810000000" Dst="0" />
<file name="style_add.php" server="econ1.gcsu.edu//var/www/html/4214/harrell/" local="131323477890000000" remote="131323477890000000" Dst="0" />
<file name="index.php" server="econ1.gcsu.edu//var/www/html/4214/harrell/" local="131323460370000000" remote="131323460370000000" Dst="0" />
<file name="styles.css" server="econ1.gcsu.edu//var/www/html/4214/harrell/" local="131323472310000000" remote="131323472310000000" Dst="0" />
<file name="style_edit.php" server="econ1.gcsu.edu//var/www/html/4214/harrell/" local="131323519280000000" remote="131323519280000000" Dst="0" />
<file name="fabric_add.php" server="econ1.gcsu.edu//var/www/html/4214/harrell/" local="131323477860000000" remote="131323477860000000" Dst="0" />
<file name="fabric_view.php" server="econ1.gcsu.edu//var/www/html/4214/harrell/" local="131323578130000000" remote="131323578130000000" Dst="0" />
</dwsync>