<?xml version="1.0" encoding="utf-8" ?>
<dwsync>
<file name="edit_machineconfig.php" server="econ1.gcsu.edu//var/www/html/4214/harrell/" local="131322622170000000" remote="131322622170000000" Dst="0" />
<file name="add_style.php" server="econ1.gcsu.edu//var/www/html/4214/harrell/" local="131323519270000000" remote="131323519270000000" Dst="0" />
<file name="edit_fabric.php" server="econ1.gcsu.edu//var/www/html/4214/harrell/" local="131323519270000000" remote="131323519270000000" Dst="0" />
<file name="edit_size.php" server="econ1.gcsu.edu//var/www/html/4214/harrell/" local="131322622170000000" remote="131322622170000000" Dst="0" />
<file name="add_machineconfig.php" server="econ1.gcsu.edu//var/www/html/4214/harrell/" local="131322622170000000" remote="131322622170000000" Dst="0" />
<file name="edit_style.php" server="econ1.gcsu.edu//var/www/html/4214/harrell/" local="131323519270000000" remote="131323519270000000" Dst="0" />
<file name="add_fabric.php" server="econ1.gcsu.edu//var/www/html/4214/harrell/" local="131322622170000000" remote="131322622170000000" Dst="0" />
<file name="add_size.php" server="econ1.gcsu.edu//var/www/html/4214/harrell/" local="131322622170000000" remote="131322622170000000" Dst="0" />
</dwsync>